{"cameraMode":{"drawMode":0,"name":"Shaded","section":"Shading Mode"},"sceneLighting":true,"audioPlay":false,"sceneViewState":{"m_AlwaysRefresh":false,"showFog":true,"showSkybox":true,"showFlares":true,"showImageEffects":true,"showParticleSystems":true,"showVisualEffectGraphs":true,"m_FxEnabled":true},"in2DMode":false,"pivot":{"x":1003.6110229492188,"y":508.4230041503906,"z":-0.7041966915130615},"rotation":{"x":-0.02282465249300003,"y":0.02180677466094494,"z":0.00020875464542768896,"w":-0.9996371269226074},"size":916.1774291992188,"orthographic":false}